s1_id,split,flood_event,width,height,flood_extent_percent,flood_extent_group
Ghana_103272,train,Ghana,512,512,0.6009202797094909,0–1%
Ghana_24858,train,Ghana,512,512,0.18463134765625,0–1%
Ghana_147015,train,Ghana,512,512,1.346588134765625,1–5%
Ghana_953791,train,Ghana,512,512,1.05743408203125,1–5%
Ghana_154838,train,Ghana,512,512,0.0,0–1%
Ghana_134751,train,Ghana,512,512,0.0,0–1%
Ghana_61925,train,Ghana,512,512,0.2483367919921875,0–1%
Ghana_156478,train,Ghana,512,512,0.0,0–1%
Ghana_144050,train,Ghana,512,512,0.0,0–1%
Ghana_49890,train,Ghana,512,512,0.0,0–1%
Ghana_97516,train,Ghana,512,512,0.4110794167044333,0–1%
Ghana_168875,train,Ghana,512,512,0.0,0–1%
Ghana_141910,train,Ghana,512,512,26.950836181640625,25–50%
Ghana_146222,train,Ghana,512,512,0.0,0–1%
Ghana_11745,train,Ghana,512,512,0.0,0–1%
Ghana_161233,train,Ghana,512,512,0.0,0–1%
Ghana_7496,train,Ghana,512,512,0.0,0–1%
Ghana_128663,train,Ghana,512,512,0.0,0–1%
Ghana_264787,train,Ghana,512,512,0.0,0–1%
Ghana_597288,train,Ghana,512,512,2.170562744140625,1–5%
Ghana_8090,train,Ghana,512,512,0.0020548015575395,0–1%
Ghana_187318,train,Ghana,512,512,0.0,0–1%
Ghana_362274,train,Ghana,512,512,7.0792229970663865,5–10%
Ghana_1089161,train,Ghana,512,512,1.2309242729628564,1–5%
Ghana_887131,train,Ghana,512,512,3.843307495117187,1–5%
Ghana_247288,train,Ghana,512,512,66.3364365012197,>50%
Ghana_194723,train,Ghana,512,512,0.0,0–1%
Ghana_45911,train,Ghana,512,512,0.0,0–1%
Ghana_83200,train,Ghana,512,512,0.542686962276638,0–1%
Ghana_135389,train,Ghana,512,512,1.023391812865497,1–5%
India_285297,train,India,512,512,14.693807592167872,10–25%
India_1072277,train,India,512,512,8.600682073074898,5–10%
India_324254,train,India,512,512,1.4812469482421875,1–5%
India_177319,train,India,512,512,0.6200796967635339,0–1%
India_391908,train,India,512,512,12.268684617999169,10–25%
India_166709,train,India,512,512,3.4407187400250687,1–5%
India_534470,train,India,512,512,2.96683561479826,1–5%
India_773682,train,India,512,512,12.246778985177595,10–25%
India_956930,train,India,512,512,16.908868553114324,10–25%
India_979278,train,India,512,512,4.984917804325702,1–5%
India_664410,train,India,512,512,5.15979888762579,5–10%
India_747970,train,India,512,512,2.031097246843017,1–5%
India_207862,train,India,512,512,10.507957924193589,10–25%
India_500266,train,India,512,512,14.56506231379296,10–25%
India_179238,train,India,512,512,6.022381313577373,5–10%
India_287642,train,India,512,512,15.526491415100065,10–25%
India_774689,train,India,512,512,7.922934700394992,5–10%
India_383430,train,India,512,512,15.611829459030291,10–25%
India_373039,train,India,512,512,0.6215426945049695,0–1%
India_698338,train,India,512,512,4.358200575478981,1–5%
India_1017769,train,India,512,512,56.73956906070959,>50%
India_981708,train,India,512,512,4.637003178230904,1–5%
India_91379,train,India,512,512,11.289688822086498,10–25%
India_59460,train,India,512,512,0.1504635710976198,0–1%
India_624341,train,India,512,512,1.2298677815840269,1–5%
India_566697,train,India,512,512,6.823734486771162,5–10%
India_804466,train,India,512,512,19.161192367262544,10–25%
India_103447,train,India,512,512,16.492935616597478,10–25%
India_136196,train,India,512,512,0.0,0–1%
India_842775,train,India,512,512,2.406074231590225,1–5%
India_25540,train,India,512,512,6.12803180914513,5–10%
India_56450,train,India,512,512,0.0452418785310734,0–1%
India_135434,train,India,512,512,8.802390098164746,5–10%
India_652725,train,India,512,512,8.315718787915786,5–10%
India_943439,train,India,512,512,19.036290064615187,10–25%
India_73419,train,India,512,512,3.4940257301574884,1–5%
India_591549,train,India,512,512,4.498817707125095,1–5%
India_273873,train,India,512,512,3.499820060665262,1–5%
India_707886,train,India,512,512,2.206469143299816,1–5%
India_265762,train,India,512,512,5.7930968933304365,5–10%
Mekong_221789,train,Mekong,512,512,0.0,0–1%
Mekong_52610,train,Mekong,512,512,80.36537170410156,>50%
Mekong_596495,train,Mekong,512,512,77.19230970350874,>50%
Mekong_1439641,train,Mekong,512,512,75.47303716761485,>50%
Mekong_1191208,train,Mekong,512,512,7.545276602475385,5–10%
Mekong_774566,train,Mekong,512,512,33.83114944143891,25–50%
Mekong_213094,train,Mekong,512,512,0.0481386392811296,0–1%
Mekong_119477,train,Mekong,512,512,1.1481038658450595,1–5%
Mekong_269835,train,Mekong,512,512,0.2275768484140296,0–1%
Mekong_846007,train,Mekong,512,512,4.593671889288545,1–5%
Mekong_1111068,train,Mekong,512,512,2.842066707872628,1–5%
Mekong_1282475,train,Mekong,512,512,10.128402709960938,10–25%
Mekong_16233,train,Mekong,512,512,23.732699555948912,10–25%
Mekong_342411,train,Mekong,512,512,11.02994190149576,10–25%
Mekong_1395593,train,Mekong,512,512,7.211685413864776,5–10%
Mekong_922373,train,Mekong,512,512,45.68776751176861,25–50%
Mekong_1396181,train,Mekong,512,512,59.65844105619142,>50%
Mekong_1248200,train,Mekong,512,512,78.38981102579429,>50%
Nigeria_529525,train,Nigeria,512,512,85.31608581542969,>50%
Nigeria_143329,train,Nigeria,512,512,1.1130260521042084,1–5%
Nigeria_439488,train,Nigeria,512,512,0.6404886561954625,0–1%
Nigeria_707067,train,Nigeria,512,512,1.437103753840503,1–5%
Nigeria_81933,train,Nigeria,512,512,72.25867753829162,>50%
Nigeria_35845,train,Nigeria,512,512,0.1342458294608575,0–1%
Nigeria_598959,train,Nigeria,512,512,22.02946858073558,10–25%
Nigeria_952958,train,Nigeria,512,512,4.275850558254346,1–5%
Nigeria_78061,train,Nigeria,512,512,2.40032155745655,1–5%
Nigeria_600295,train,Nigeria,512,512,46.045759008426394,25–50%
Pakistan_909806,train,Pakistan,512,512,1.2159570717277082,1–5%
Pakistan_132143,train,Pakistan,512,512,0.0,0–1%
Pakistan_712873,train,Pakistan,512,512,1.1007301956389004,1–5%
Pakistan_35915,train,Pakistan,512,512,40.470313310067866,25–50%
Pakistan_246510,train,Pakistan,512,512,4.150036512284742,1–5%
Pakistan_667363,train,Pakistan,512,512,0.7502277147288348,0–1%
Pakistan_366265,train,Pakistan,512,512,0.0015712029915704,0–1%
Pakistan_548910,train,Pakistan,512,512,1.4590828864299776,1–5%
Pakistan_740461,train,Pakistan,512,512,0.0,0–1%
Pakistan_211386,train,Pakistan,512,512,2.6855386542941604,1–5%
Pakistan_401863,train,Pakistan,512,512,1.2841661998493306,1–5%
Pakistan_246718,train,Pakistan,512,512,5.578932156852744,5–10%
Pakistan_474121,train,Pakistan,512,512,4.918993965340811,1–5%
Pakistan_65724,train,Pakistan,512,512,0.0,0–1%
Pakistan_1036366,train,Pakistan,512,512,20.54085885124117,10–25%
Pakistan_760290,train,Pakistan,512,512,0.0,0–1%
Paraguay_721886,train,Paraguay,512,512,4.170989990234375,1–5%
Paraguay_62897,train,Paraguay,512,512,15.694427490234377,10–25%
Paraguay_36015,train,Paraguay,512,512,0.0,0–1%
Paraguay_12870,train,Paraguay,512,512,0.0,0–1%
Paraguay_126224,train,Paraguay,512,512,55.077362060546875,>50%
Paraguay_215904,train,Paraguay,512,512,0.0,0–1%
Paraguay_54421,train,Paraguay,512,512,0.0152587890625,0–1%
Paraguay_247656,train,Paraguay,512,512,8.001708984375,5–10%
Paraguay_179624,train,Paraguay,512,512,0.0160238679328065,0–1%
Paraguay_1029042,train,Paraguay,512,512,27.44210866172804,25–50%
Paraguay_246154,train,Paraguay,512,512,0.01373291015625,0–1%
Paraguay_892933,train,Paraguay,512,512,10.135650634765623,10–25%
Paraguay_11869,train,Paraguay,512,512,0.0860688628442269,0–1%
Paraguay_921838,train,Paraguay,512,512,2.803802490234375,1–5%
Paraguay_24341,train,Paraguay,512,512,26.07460021972656,25–50%
Paraguay_605682,train,Paraguay,512,512,28.778076171875,25–50%
Paraguay_997480,train,Paraguay,512,512,7.6091766357421875,5–10%
Paraguay_148318,train,Paraguay,512,512,0.9284559889368368,0–1%
Paraguay_191503,train,Paraguay,512,512,0.034332275390625,0–1%
Paraguay_1076204,train,Paraguay,512,512,1.1554718017578125,1–5%
Paraguay_198534,train,Paraguay,512,512,0.0,0–1%
Paraguay_470303,train,Paraguay,512,512,3.984832763671875,1–5%
Paraguay_822142,train,Paraguay,512,512,30.590057373046875,25–50%
Paraguay_795075,train,Paraguay,512,512,1.305037804515179,1–5%
Paraguay_339807,train,Paraguay,512,512,27.044669856816032,25–50%
Paraguay_1056717,train,Paraguay,512,512,1.924896240234375,1–5%
Paraguay_403081,train,Paraguay,512,512,0.481115611841368,0–1%
Paraguay_149787,train,Paraguay,512,512,15.293502807617188,10–25%
Paraguay_36146,train,Paraguay,512,512,0.0,0–1%
Paraguay_792268,train,Paraguay,512,512,0.5135052647642301,0–1%
Paraguay_482517,train,Paraguay,512,512,18.2788906009245,10–25%
Paraguay_212687,train,Paraguay,512,512,5.83953857421875,5–10%
Paraguay_791364,train,Paraguay,512,512,0.4607713909106539,0–1%
Paraguay_224845,train,Paraguay,512,512,0.0,0–1%
Paraguay_149830,train,Paraguay,512,512,0.7322223928735985,0–1%
Paraguay_48673,train,Paraguay,512,512,0.0507354736328125,0–1%
Paraguay_44682,train,Paraguay,512,512,0.4993438720703125,0–1%
Paraguay_989230,train,Paraguay,512,512,16.63802040704971,10–25%
Paraguay_225187,train,Paraguay,512,512,0.0179290771484375,0–1%
Somalia_989553,train,Somalia,512,512,2.091511563602078,1–5%
Somalia_93023,train,Somalia,512,512,0.0,0–1%
Somalia_371421,train,Somalia,512,512,15.014591144863656,10–25%
Somalia_230192,train,Somalia,512,512,0.0249438762783736,0–1%
Somalia_886726,train,Somalia,512,512,31.673128883054236,25–50%
Somalia_992457,train,Somalia,512,512,4.334768687203268,1–5%
Somalia_7931,train,Somalia,512,512,0.0,0–1%
Somalia_195014,train,Somalia,512,512,0.0,0–1%
Somalia_32375,train,Somalia,512,512,0.0007457343992363,0–1%
Somalia_1087508,train,Somalia,512,512,4.705954175530541,1–5%
Somalia_295782,train,Somalia,512,512,7.99761632717387,5–10%
Somalia_970508,train,Somalia,512,512,17.55350752352397,10–25%
Somalia_626316,train,Somalia,512,512,12.849750125676437,10–25%
Somalia_1068756,train,Somalia,512,512,3.776755653503747,1–5%
Somalia_205466,train,Somalia,512,512,0.038736603591258,0–1%
Spain_5923267,train,Spain,512,512,92.21460801031348,>50%
Spain_7786924,train,Spain,512,512,1.4375588968032629,1–5%
Spain_7856615,train,Spain,512,512,3.6792272744626424,1–5%
Spain_4915752,train,Spain,512,512,2.92376243667216,1–5%
Spain_2472849,train,Spain,512,512,0.0076406159864608,0–1%
Spain_8104659,train,Spain,512,512,1.329121650491363,1–5%
Spain_5816638,train,Spain,512,512,0.1446277837986354,0–1%
Spain_2523247,train,Spain,512,512,0.9269612538591584,0–1%
Spain_6199994,train,Spain,512,512,0.2989667891043214,0–1%
Spain_8154154,train,Spain,512,512,1.7480676641817807,1–5%
Spain_1167260,train,Spain,512,512,16.22125828345141,10–25%
Spain_2938657,train,Spain,512,512,3.7287178430519625,1–5%
Spain_5678382,train,Spain,512,512,1.361987204187443,1–5%
Spain_716716,train,Spain,512,512,1.0089023036093825,1–5%
Spain_3285448,train,Spain,512,512,21.51135288552507,10–25%
Spain_8199661,train,Spain,512,512,3.1224717214428552,1–5%
Spain_337094,train,Spain,512,512,9.950163323869706,5–10%
Spain_2594119,train,Spain,512,512,1.0980538836452185,1–5%
Sri-Lanka_152185,train,Sri-Lanka,512,512,0.838470458984375,0–1%
Sri-Lanka_55568,train,Sri-Lanka,512,512,7.172857022052261,5–10%
Sri-Lanka_92824,train,Sri-Lanka,512,512,22.47004129716924,10–25%
Sri-Lanka_847275,train,Sri-Lanka,512,512,21.8118006059794,10–25%
Sri-Lanka_845821,train,Sri-Lanka,512,512,97.41981574859402,>50%
Sri-Lanka_14484,train,Sri-Lanka,512,512,16.75150313557313,10–25%
Sri-Lanka_1038087,train,Sri-Lanka,512,512,6.909206044029403,5–10%
Sri-Lanka_178753,train,Sri-Lanka,512,512,0.2540640398939627,0–1%
Sri-Lanka_163406,train,Sri-Lanka,512,512,1.934051513671875,1–5%
Sri-Lanka_233609,train,Sri-Lanka,512,512,2.6746266334785314,1–5%
Sri-Lanka_135713,train,Sri-Lanka,512,512,0.0,0–1%
Sri-Lanka_748447,train,Sri-Lanka,512,512,0.4891908486397765,0–1%
Sri-Lanka_579082,train,Sri-Lanka,512,512,6.946024978032583,5–10%
Sri-Lanka_916628,train,Sri-Lanka,512,512,31.360088628678916,25–50%
Sri-Lanka_883641,train,Sri-Lanka,512,512,5.14984130859375,5–10%
Sri-Lanka_52223,train,Sri-Lanka,512,512,0.0,0–1%
Sri-Lanka_400518,train,Sri-Lanka,512,512,0.90789794921875,0–1%
Sri-Lanka_523539,train,Sri-Lanka,512,512,11.291142021503015,10–25%
Sri-Lanka_49764,train,Sri-Lanka,512,512,1.021670427038512,1–5%
Sri-Lanka_653336,train,Sri-Lanka,512,512,6.859667125707157,5–10%
Sri-Lanka_956740,train,Sri-Lanka,512,512,3.918463495142748,1–5%
Sri-Lanka_249079,train,Sri-Lanka,512,512,0.0066757699893794,0–1%
Sri-Lanka_120804,train,Sri-Lanka,512,512,2.654266357421875,1–5%
Sri-Lanka_551926,train,Sri-Lanka,512,512,7.476806640625,5–10%
USA_994009,train,USA,512,512,0.7239960613392973,0–1%
USA_66026,train,USA,512,512,0.3765149289885977,0–1%
USA_11422,train,USA,512,512,13.740644383578363,10–25%
USA_955053,train,USA,512,512,13.671320668345158,10–25%
USA_114964,train,USA,512,512,0.1350500715307582,0–1%
USA_693819,train,USA,512,512,0.9362695723834814,0–1%
USA_86502,train,USA,512,512,25.31625288022828,25–50%
USA_438959,train,USA,512,512,2.4954276803419133,1–5%
USA_181263,train,USA,512,512,0.5115986376584635,0–1%
USA_605492,train,USA,512,512,1.1563185503099669,1–5%
USA_115033,train,USA,512,512,0.9000072488926363,0–1%
USA_375183,train,USA,512,512,2.4871692137446817,1–5%
USA_347609,train,USA,512,512,0.8032639323731997,0–1%
USA_908474,train,USA,512,512,0.704389268556994,0–1%
USA_211406,train,USA,512,512,0.4311315103719558,0–1%
USA_831672,train,USA,512,512,7.9953150513513105,5–10%
USA_664261,train,USA,512,512,1.8369799515479843,1–5%
USA_770353,train,USA,512,512,13.13300857172285,10–25%
USA_217598,train,USA,512,512,17.566502730755644,10–25%
USA_638521,train,USA,512,512,1.9699322120538183,1–5%
USA_387945,train,USA,512,512,5.13201011677011,5–10%
USA_224165,train,USA,512,512,0.0614208434111839,0–1%
USA_231124,train,USA,512,512,2.966563376581227,1–5%
USA_170264,train,USA,512,512,16.617553877747326,10–25%
USA_58086,train,USA,512,512,6.063820046392382,5–10%
USA_1010394,train,USA,512,512,0.5649846832309036,0–1%
USA_198411,train,USA,512,512,10.373774073282515,10–25%
USA_486103,train,USA,512,512,2.7634892772647484,1–5%
USA_260929,train,USA,512,512,1.9150510807449623,1–5%
USA_179917,train,USA,512,512,0.1949682175097484,0–1%
USA_84195,train,USA,512,512,1.4538199491105797,1–5%
USA_604222,train,USA,512,512,2.5335434128252765,1–5%
USA_354981,train,USA,512,512,0.6579876417402323,0–1%
USA_232060,train,USA,512,512,0.6535000209821956,0–1%
USA_655230,train,USA,512,512,0.4368078312586551,0–1%
USA_652955,train,USA,512,512,3.252829584078797,1–5%
USA_1068362,train,USA,512,512,11.895896598556408,10–25%
USA_806273,train,USA,512,512,2.2076747885599186,1–5%
USA_788696,train,USA,512,512,42.51695749372439,25–50%
USA_348639,train,USA,512,512,10.359456428020968,10–25%
USA_181503,train,USA,512,512,0.4555252465520858,0–1%
Ghana_895194,validation,Ghana,512,512,3.4415486771188655,1–5%
Ghana_868803,validation,Ghana,512,512,54.95109558105469,>50%
Ghana_142312,validation,Ghana,512,512,0.0,0–1%
Ghana_132163,validation,Ghana,512,512,0.0,0–1%
Ghana_495107,validation,Ghana,512,512,1.5102386474609375,1–5%
Ghana_124834,validation,Ghana,512,512,0.0,0–1%
Ghana_1033830,validation,Ghana,512,512,41.50898901937581,25–50%
Ghana_308249,validation,Ghana,512,512,3.063201904296875,1–5%
India_1050276,validation,India,512,512,19.203714951897645,10–25%
India_764946,validation,India,512,512,1.2973088881741182,1–5%
India_118868,validation,India,512,512,6.649480721316328,5–10%
India_533192,validation,India,512,512,36.279083522479425,25–50%
India_180633,validation,India,512,512,46.041141259761176,25–50%
India_244057,validation,India,512,512,0.0031145468022947,0–1%
India_691027,validation,India,512,512,3.3042821039703343,1–5%
India_769408,validation,India,512,512,4.878714320635336,1–5%
India_1018317,validation,India,512,512,76.51147088238729,>50%
India_869358,validation,India,512,512,1.926422119140625,1–5%
India_164336,validation,India,512,512,0.725971725311751,0–1%
India_70352,validation,India,512,512,5.512709579524222,5–10%
India_833266,validation,India,512,512,8.313227782987518,5–10%
India_1068117,validation,India,512,512,20.878317197186043,10–25%
Mekong_1149855,validation,Mekong,512,512,7.678789901012123,5–10%
Mekong_977338,validation,Mekong,512,512,37.05229489483381,25–50%
Mekong_474783,validation,Mekong,512,512,2.205105314761616,1–5%
Mekong_293769,validation,Mekong,512,512,13.276638102657316,10–25%
Mekong_1413877,validation,Mekong,512,512,0.9775536253541296,0–1%
Mekong_98310,validation,Mekong,512,512,46.871221364439656,25–50%
Nigeria_31096,validation,Nigeria,512,512,0.3751948392317702,0–1%
Nigeria_984831,validation,Nigeria,512,512,92.30589861674396,>50%
Nigeria_1095404,validation,Nigeria,512,512,18.269562356559895,10–25%
Nigeria_820924,validation,Nigeria,512,512,0.4486101097492589,0–1%
Pakistan_43105,validation,Pakistan,512,512,0.1035635807776822,0–1%
Pakistan_94095,validation,Pakistan,512,512,29.6649498809326,25–50%
Pakistan_210595,validation,Pakistan,512,512,0.0,0–1%
Pakistan_1027214,validation,Pakistan,512,512,15.016545250946791,10–25%
Pakistan_336228,validation,Pakistan,512,512,0.0,0–1%
Pakistan_9684,validation,Pakistan,512,512,1.0532804931748128,1–5%
Paraguay_305760,validation,Paraguay,512,512,16.704940795898438,10–25%
Paraguay_648632,validation,Paraguay,512,512,7.016754150390625,5–10%
Paraguay_172476,validation,Paraguay,512,512,1.073841376653201,1–5%
Paraguay_581976,validation,Paraguay,512,512,56.7657470703125,>50%
Paraguay_284928,validation,Paraguay,512,512,0.0,0–1%
Paraguay_1019808,validation,Paraguay,512,512,1.972198486328125,1–5%
Paraguay_76868,validation,Paraguay,512,512,6.74612106622514,5–10%
Paraguay_252217,validation,Paraguay,512,512,0.1172892117383043,0–1%
Paraguay_205585,validation,Paraguay,512,512,0.0,0–1%
Paraguay_7894,validation,Paraguay,512,512,0.0,0–1%
Paraguay_896458,validation,Paraguay,512,512,20.483384438959938,10–25%
Paraguay_657443,validation,Paraguay,512,512,24.785614013671875,10–25%
Paraguay_934240,validation,Paraguay,512,512,7.765960693359375,5–10%
Paraguay_153941,validation,Paraguay,512,512,0.2445220947265625,0–1%
Somalia_12849,validation,Somalia,512,512,19.44151132763902,10–25%
Somalia_256539,validation,Somalia,512,512,0.0103950573761971,0–1%
Somalia_61368,validation,Somalia,512,512,0.0,0–1%
Somalia_649376,validation,Somalia,512,512,2.4246362110793767,1–5%
Somalia_167787,validation,Somalia,512,512,0.1020385025282873,0–1%
Spain_1199913,validation,Spain,512,512,3.849044223954101,1–5%
Spain_8372658,validation,Spain,512,512,35.531944937392424,25–50%
Spain_7604243,validation,Spain,512,512,7.981913919413919,5–10%
Spain_6537196,validation,Spain,512,512,1.162125247037458,1–5%
Spain_4282030,validation,Spain,512,512,37.4370047649386,25–50%
Spain_8565131,validation,Spain,512,512,19.97680133087102,10–25%
Sri-Lanka_85652,validation,Sri-Lanka,512,512,0.9834420980098092,0–1%
Sri-Lanka_63307,validation,Sri-Lanka,512,512,2.6721954345703125,1–5%
Sri-Lanka_612594,validation,Sri-Lanka,512,512,16.450881958007812,10–25%
Sri-Lanka_132922,validation,Sri-Lanka,512,512,6.8065643310546875,5–10%
Sri-Lanka_236030,validation,Sri-Lanka,512,512,0.8311983230464657,0–1%
Sri-Lanka_31559,validation,Sri-Lanka,512,512,0.2120706597499942,0–1%
Sri-Lanka_236628,validation,Sri-Lanka,512,512,1.1753171944976386,1–5%
Sri-Lanka_101973,validation,Sri-Lanka,512,512,1.1283917556448195,1–5%
Sri-Lanka_321316,validation,Sri-Lanka,512,512,36.967875086311146,25–50%
USA_826217,validation,USA,512,512,1.7159686562950642,1–5%
USA_741073,validation,USA,512,512,1.2876027697766248,1–5%
USA_275372,validation,USA,512,512,1.0383843624350533,1–5%
USA_19225,validation,USA,512,512,0.5306689251569879,0–1%
USA_366607,validation,USA,512,512,18.816353156149983,10–25%
USA_308150,validation,USA,512,512,1.1094276544020274,1–5%
USA_1039203,validation,USA,512,512,0.6146227566841655,0–1%
USA_251323,validation,USA,512,512,0.2662447612991212,0–1%
USA_1082482,validation,USA,512,512,0.8415671613321635,0–1%
USA_225017,validation,USA,512,512,6.401208523754663,5–10%
USA_986268,validation,USA,512,512,3.4686006187934675,1–5%
USA_646878,validation,USA,512,512,0.9582012380718968,0–1%
USA_761032,validation,USA,512,512,4.622603719599428,1–5%
USA_741178,validation,USA,512,512,0.5516620440490315,0–1%
Ghana_313799,test,Ghana,512,512,6.108465868185091,5–10%
Ghana_1078550,test,Ghana,512,512,0.5367279052734375,0–1%
Ghana_97059,test,Ghana,512,512,0.0,0–1%
Ghana_359826,test,Ghana,512,512,1.3336181640625,1–5%
Ghana_319168,test,Ghana,512,512,23.027665128420267,10–25%
Ghana_866994,test,Ghana,512,512,90.1796427568483,>50%
Ghana_406026,test,Ghana,512,512,1.6422271728515625,1–5%
Ghana_53713,test,Ghana,512,512,0.0,0–1%
Ghana_167233,test,Ghana,512,512,0.0,0–1%
Ghana_141271,test,Ghana,512,512,0.62408447265625,0–1%
India_900498,test,India,512,512,47.311749977098536,25–50%
India_591317,test,India,512,512,46.34808513751326,25–50%
India_747992,test,India,512,512,44.76452475704632,25–50%
India_79637,test,India,512,512,1.9702911376953125,1–5%
India_952728,test,India,512,512,3.0988363466796667,1–5%
India_828067,test,India,512,512,3.8193534294451728,1–5%
India_570384,test,India,512,512,6.011570247933885,5–10%
India_44475,test,India,512,512,0.0,0–1%
India_80221,test,India,512,512,75.43562614876839,>50%
India_1018327,test,India,512,512,13.98059067223108,10–25%
India_592446,test,India,512,512,4.031111408259232,1–5%
India_772630,test,India,512,512,0.8658872608348569,0–1%
India_631692,test,India,512,512,0.305938720703125,0–1%
India_399883,test,India,512,512,51.99623071963497,>50%
Mekong_333434,test,Mekong,512,512,1.616674789423678,1–5%
Mekong_45934,test,Mekong,512,512,0.1130379326278646,0–1%
Mekong_1443339,test,Mekong,512,512,73.54340320827055,>50%
Mekong_382276,test,Mekong,512,512,3.741926130532484,1–5%
Mekong_254910,test,Mekong,512,512,0.0656950290761332,0–1%
Mekong_424793,test,Mekong,512,512,1.5486272036891604,1–5%
Nigeria_417184,test,Nigeria,512,512,2.343022566828624,1–5%
Nigeria_225131,test,Nigeria,512,512,0.4687985741228161,0–1%
Nigeria_812045,test,Nigeria,512,512,50.65406057334671,>50%
Nigeria_22088,test,Nigeria,512,512,0.2825112510442586,0–1%
Pakistan_849790,test,Pakistan,512,512,66.82812481777647,>50%
Pakistan_664885,test,Pakistan,512,512,3.263936447062046,1–5%
Pakistan_694942,test,Pakistan,512,512,9.653475690019013,5–10%
Pakistan_70625,test,Pakistan,512,512,1.7803192138671875,1–5%
Pakistan_528249,test,Pakistan,512,512,0.0,0–1%
Pakistan_167553,test,Pakistan,512,512,0.5900325772444912,0–1%
Paraguay_913449,test,Paraguay,512,512,2.1045684814453125,1–5%
Paraguay_280900,test,Paraguay,512,512,2.5119973144326355,1–5%
Paraguay_790830,test,Paraguay,512,512,12.230904406219013,10–25%
Paraguay_232281,test,Paraguay,512,512,11.244583129882812,10–25%
Paraguay_271769,test,Paraguay,512,512,0.9967803955078124,0–1%
Paraguay_40936,test,Paraguay,512,512,0.0,0–1%
Paraguay_1029191,test,Paraguay,512,512,19.822239374333,10–25%
Paraguay_59731,test,Paraguay,512,512,1.0834871859060613,1–5%
Paraguay_683296,test,Paraguay,512,512,2.854248048756058,1–5%
Paraguay_34417,test,Paraguay,512,512,100.0,>50%
Paraguay_868895,test,Paraguay,512,512,8.997235915994644,5–10%
Paraguay_511199,test,Paraguay,512,512,4.4036865234375,1–5%
Paraguay_80102,test,Paraguay,512,512,0.0083923659987106,0–1%
Paraguay_651904,test,Paraguay,512,512,10.35919189453125,10–25%
Somalia_699062,test,Somalia,512,512,1.6190227795028762,1–5%
Somalia_60129,test,Somalia,512,512,0.3045214919304053,0–1%
Somalia_685158,test,Somalia,512,512,13.712182090654387,10–25%
Somalia_166342,test,Somalia,512,512,0.0054402770914465,0–1%
Somalia_94102,test,Somalia,512,512,5.259363606231355,5–10%
Somalia_322855,test,Somalia,512,512,17.540894904408653,10–25%
Spain_6860600,test,Spain,512,512,0.0939042405780836,0–1%
Spain_7558720,test,Spain,512,512,0.8156986686209846,0–1%
Spain_5650136,test,Spain,512,512,60.72810555024593,>50%
Spain_7370579,test,Spain,512,512,26.726325631093893,25–50%
Spain_6095801,test,Spain,512,512,8.675809541253598,5–10%
Spain_7387658,test,Spain,512,512,58.38653422728643,>50%
Sri-Lanka_117737,test,Sri-Lanka,512,512,2.5676727294921875,1–5%
Sri-Lanka_1049830,test,Sri-Lanka,512,512,1.354654555203356,1–5%
Sri-Lanka_534068,test,Sri-Lanka,512,512,98.13995361328124,>50%
Sri-Lanka_922192,test,Sri-Lanka,512,512,0.429555056029827,0–1%
Sri-Lanka_377277,test,Sri-Lanka,512,512,3.3166530448594385,1–5%
Sri-Lanka_649970,test,Sri-Lanka,512,512,6.648521209100841,5–10%
Sri-Lanka_450918,test,Sri-Lanka,512,512,4.3147105703851665,1–5%
Sri-Lanka_849649,test,Sri-Lanka,512,512,0.8670665927307556,0–1%
Sri-Lanka_713926,test,Sri-Lanka,512,512,30.71528858773617,25–50%
USA_905409,test,USA,512,512,16.965726691059483,10–25%
USA_430764,test,USA,512,512,5.889668379511477,5–10%
USA_350244,test,USA,512,512,0.4902334808484663,0–1%
USA_527077,test,USA,512,512,0.6279398917318704,0–1%
USA_933610,test,USA,512,512,1.459009949356364,1–5%
USA_66511,test,USA,512,512,1.0402996917630545,1–5%
USA_519181,test,USA,512,512,0.8209760917417893,0–1%
USA_778194,test,USA,512,512,1.4644942191017667,1–5%
USA_67102,test,USA,512,512,3.621261317633952,1–5%
USA_1049586,test,USA,512,512,0.8097351380022209,0–1%
USA_595451,test,USA,512,512,7.832193975646229,5–10%
USA_670826,test,USA,512,512,1.1482764408771151,1–5%
USA_504150,test,USA,512,512,1.2444396969396396,1–5%
USA_758178,test,USA,512,512,0.6168624324293392,0–1%
