scene_id,flood_event,model,evaluation_set,flood_extent,original_water_extent,valid_pixels,water_pixels,permanent_water_pixels,event_water_pixels,TP,FP,TN,FN,IoU,F1,Precision,Recall
Bolivia_129334,Bolivia,U-Net,bolivia_holdout,64.18839933729721,65.86786311991725,237814,156643,4152,152649,18512,3073,81919,133561,0.1193198664483776,0.2132006587660804,0.8576326152420662,0.121731010764567
Bolivia_195474,Bolivia,U-Net,bolivia_holdout,0.5934911129393307,0.5934911129393307,261335,1551,0,1551,0,0,259784,1551,0.0,0.0,,0.0
Bolivia_23014,Bolivia,U-Net,bolivia_holdout,0.2067032972278844,3.713976102616491,209479,7780,7748,433,196,2376,180186,237,0.0697757208971164,0.1304492512479201,0.0762052877138413,0.4526558891454965
Bolivia_233925,Bolivia,U-Net,bolivia_holdout,0.0006642885137873,0.0006642885137873,150537,1,0,1,0,1109,145184,1,0.0,0.0,0.0,0.0
Bolivia_242570,Bolivia,U-Net,bolivia_holdout,15.581144911598969,15.581144911598969,175507,27346,0,27346,590,284,147877,26756,0.0213536011581614,0.0418143160878809,0.6750572082379863,0.0215753675126161
Bolivia_290290,Bolivia,U-Net,bolivia_holdout,8.901301354131542,9.626502079332267,204633,19699,1516,18215,1916,460,185958,16299,0.1025970548862115,0.1861007236171142,0.8063973063973064,0.1051880318418885
Bolivia_294583,Bolivia,U-Net,bolivia_holdout,3.1309399717947146,11.502851186461465,130472,15008,12504,4085,1716,2132,124255,2369,0.2760173717226958,0.4326232194630026,0.4459459459459459,0.4200734394124847
Bolivia_312675,Bolivia,U-Net,bolivia_holdout,6.0598197559617235,6.0598197559617235,158008,9575,0,9575,65,72,148361,9510,0.0067378459624753,0.0133855024711696,0.4744525547445255,0.0067885117493472
Bolivia_314919,Bolivia,U-Net,bolivia_holdout,44.02075776430406,44.31041330191427,188845,83678,573,83131,4471,1736,103978,78660,0.0526824325120482,0.100091786249972,0.7203157725149025,0.0537825841142293
Bolivia_360519,Bolivia,U-Net,bolivia_holdout,1.102360965166023,1.102360965166023,254091,2801,0,2801,62,1203,242061,352,0.0383426097711812,0.0738534842167957,0.0490118577075098,0.1497584541062802
Bolivia_379434,Bolivia,U-Net,bolivia_holdout,4.116058349609375,4.116058349609375,262144,10790,0,10790,1733,1307,250047,9057,0.1432586591716954,0.2506146059291395,0.5700657894736842,0.1606116774791473
Bolivia_432776,Bolivia,U-Net,bolivia_holdout,44.60605906086469,45.98474080400793,156889,72145,2163,69982,2134,2349,83066,67848,0.0295032558653965,0.0573155173571476,0.4760205219718938,0.0304935554856963
Bolivia_60373,Bolivia,U-Net,bolivia_holdout,4.515649259618428,6.270758068325135,199019,12480,10180,8987,933,138,189894,8054,0.1022465753424657,0.1855239610260489,0.8711484593837535,0.1038166240124624
Bolivia_76104,Bolivia,U-Net,bolivia_holdout,0.0026182808368025,0.0026182808368025,190965,5,0,5,0,0,190960,5,0.0,0.0,,0.0
Bolivia_129334,Bolivia,SegFormer-B0,bolivia_holdout,64.18839933729721,65.86786311991725,237814,156643,4152,152649,68164,2658,82334,83909,0.4405322785996342,0.6116243074093183,0.9624692892039196,0.4482320990576894
Bolivia_195474,Bolivia,SegFormer-B0,bolivia_holdout,0.5934911129393307,0.5934911129393307,261335,1551,0,1551,20,690,259094,1531,0.0089245872378402,0.0176912870411322,0.028169014084507,0.0128949065119277
Bolivia_23014,Bolivia,SegFormer-B0,bolivia_holdout,0.2067032972278844,3.713976102616491,209479,7780,7748,433,3,5379,177183,430,0.0005161734342739,0.0010318142734307,0.0005574136008918,0.0069284064665127
Bolivia_233925,Bolivia,SegFormer-B0,bolivia_holdout,0.0006642885137873,0.0006642885137873,150537,1,0,1,0,284,146009,1,0.0,0.0,0.0,0.0
Bolivia_242570,Bolivia,SegFormer-B0,bolivia_holdout,15.581144911598969,15.581144911598969,175507,27346,0,27346,10714,11325,136836,16632,0.2770551576116469,0.4338969322668826,0.4861382095376378,0.3917940466613033
Bolivia_290290,Bolivia,SegFormer-B0,bolivia_holdout,8.901301354131542,9.626502079332267,204633,19699,1516,18215,13345,8967,177451,4870,0.4909498933117504,0.6585732968144694,0.5981086410899964,0.7326379357672248
Bolivia_294583,Bolivia,SegFormer-B0,bolivia_holdout,3.1309399717947146,11.502851186461465,130472,15008,12504,4085,1094,7708,118679,2991,0.0927668956160434,0.169783502754714,0.124289934105885,0.2678090575275398
Bolivia_312675,Bolivia,SegFormer-B0,bolivia_holdout,6.0598197559617235,6.0598197559617235,158008,9575,0,9575,4307,1075,147358,5268,0.4044131455399061,0.5759176305408839,0.8002601263470829,0.4498172323759791
Bolivia_314919,Bolivia,SegFormer-B0,bolivia_holdout,44.02075776430406,44.31041330191427,188845,83678,573,83131,37141,2895,102819,45990,0.4317415665031502,0.6030998562926758,0.927690078928964,0.4467767740072897
Bolivia_360519,Bolivia,SegFormer-B0,bolivia_holdout,1.102360965166023,1.102360965166023,254091,2801,0,2801,113,1289,241975,301,0.0663534938344098,0.1244493392070484,0.0805991440798858,0.2729468599033816
Bolivia_379434,Bolivia,SegFormer-B0,bolivia_holdout,4.116058349609375,4.116058349609375,262144,10790,0,10790,921,715,250639,9869,0.0800521512385919,0.1482375663930468,0.562958435207824,0.0853568118628359
Bolivia_432776,Bolivia,SegFormer-B0,bolivia_holdout,44.60605906086469,45.98474080400793,156889,72145,2163,69982,2392,1421,83994,67590,0.0334999929974931,0.0648282403956907,0.6273275635982166,0.0341802177702837
Bolivia_60373,Bolivia,SegFormer-B0,bolivia_holdout,4.515649259618428,6.270758068325135,199019,12480,10180,8987,4605,579,189453,4382,0.4813924315283295,0.6499188483522688,0.8883101851851852,0.5124068098364304
Bolivia_76104,Bolivia,SegFormer-B0,bolivia_holdout,0.0026182808368025,0.0026182808368025,190965,5,0,5,0,197,190763,5,0.0,0.0,0.0,0.0
