scene_id,flood_event,model,evaluation_set,flood_extent,original_water_extent,valid_pixels,water_pixels,permanent_water_pixels,event_water_pixels,TP,FP,TN,FN,IoU,F1,Precision,Recall,standardized_residual,studentized_residual,leverage,cooks_distance,metric
Ghana_866994,Ghana,U-Net,principal_test,39.98944779637651,90.1796427568483,117511,105971,69450,46992,11946,69436,1083,35046,0.102604184560415,0.1861124526773334,0.1467892162886142,0.2542134831460674,-1.7242125237875223,-1.7453366390865839,0.0653184162354974,0.10387799416257054,IoU
Ghana_406026,Ghana,U-Net,principal_test,1.6387939453125,1.6422271728515625,262144,4305,9,4296,3871,586,257262,425,0.7929127406800491,0.8844967439734948,0.8685214269688131,0.9010707635009312,3.2198484921499975,3.421185638403139,0.014000641455702085,0.07360582406024381,IoU
India_747992,India,U-Net,principal_test,44.76452475704632,44.76452475704632,262087,117322,0,117322,19414,533,144232,97908,0.1647278435365491,0.2828606604550189,0.9732791898531108,0.1654762107703585,-1.5430229745600001,-1.5561820424732078,0.08258363121807787,0.10716236251817587,IoU
India_80221,India,U-Net,principal_test,48.92122825163216,75.43562614876839,151793,114506,40551,74259,55075,33312,44222,19184,0.5119874315568322,0.6772376818366268,0.6231119961080249,0.7416609434546654,0.2739852124368664,0.27245293302057,0.09957375093251143,0.004150696434166609,IoU
India_399883,India,U-Net,principal_test,39.65450806694669,51.99623071963497,262119,136292,33917,103942,40700,28106,130071,63242,0.3082212528777414,0.4712066131011647,0.5915181815539342,0.3915645263704758,-0.5720236448120823,-0.5696913334703927,0.06419776776241898,0.011223642286766257,IoU
Mekong_1443339,Mekong,U-Net,principal_test,65.12598470253876,73.54340320827055,262135,192783,22095,170718,153477,25858,65559,17241,0.7807514650822074,0.8768786440910377,0.8558117489614409,0.8990088918567463,1.3414884419922724,1.348077169387385,0.1832346962466356,0.20186187679249717,IoU
Nigeria_812045,Nigeria,U-Net,principal_test,43.75036898968516,50.65406057334671,237134,120118,16371,103747,97651,21489,111817,5627,0.7826668910849824,0.8780854067566474,0.8196323652845392,0.9455159859795892,1.9471682447187917,1.9811821743127696,0.07871531978553495,0.16197290656271937,IoU
Pakistan_849790,Pakistan,U-Net,principal_test,66.82812481777647,66.82812481777647,257239,171908,0,171908,20607,1427,83904,151301,0.1188853953327371,0.2125068319394458,0.9352364527548336,0.1198722572538799,-2.662718189849209,-2.767469418955066,0.19363212782916522,0.8512646841315012,IoU
Spain_7387658,Spain,U-Net,principal_test,51.59907958955494,58.38653422728643,262057,153006,17947,135219,119073,38905,87933,16146,0.6838402517745974,0.8122388701112222,0.7537315322386662,0.8805937035475784,1.1683358010109128,1.170944834914011,0.11148577536393216,0.08563680337254596,IoU
Ghana_866994,Ghana,U-Net,principal_test,39.98944779637651,90.1796427568483,117511,105971,69450,46992,11946,69436,1083,35046,0.102604184560415,0.1861124526773334,0.1467892162886142,0.2542134831460674,-1.5718456153882001,-1.5861339043873686,0.0653184162354974,0.08632999990197703,F1
India_747992,India,U-Net,principal_test,44.76452475704632,44.76452475704632,262087,117322,0,117322,19414,533,144232,97908,0.1647278435365491,0.2828606604550189,0.9732791898531108,0.1654762107703585,-1.2922121131053788,-1.2975223466581527,0.08258363121807787,0.07515625134877604,F1
India_80221,India,U-Net,principal_test,48.92122825163216,75.43562614876839,151793,114506,40551,74259,55075,33312,44222,19184,0.5119874315568322,0.6772376818366268,0.6231119961080249,0.7416609434546654,0.34761901411968027,0.34577037160588525,0.09957375093251143,0.006681496906664785,F1
India_399883,India,U-Net,principal_test,39.65450806694669,51.99623071963497,262119,136292,33917,103942,40700,28106,130071,63242,0.3082212528777414,0.4712066131011647,0.5915181815539342,0.3915645263704758,-0.30515405955607244,-0.3034804990381081,0.06419776776241898,0.003194068006257345,F1
Mekong_1443339,Mekong,U-Net,principal_test,65.12598470253876,73.54340320827055,262135,192783,22095,170718,153477,25858,65559,17241,0.7807514650822074,0.8768786440910377,0.8558117489614409,0.8990088918567463,0.8167002572268163,0.8150469876044548,0.1832346962466356,0.07481795286308646,F1
Nigeria_812045,Nigeria,U-Net,principal_test,43.75036898968516,50.65406057334671,237134,120118,16371,103747,97651,21489,111817,5627,0.7826668910849824,0.8780854067566474,0.8196323652845392,0.9455159859795892,1.3828631966153428,1.3906206754205968,0.07871531978553495,0.0816946950594462,F1
Pakistan_849790,Pakistan,U-Net,principal_test,66.82812481777647,66.82812481777647,257239,171908,0,171908,20607,1427,83904,151301,0.1188853953327371,0.2125068319394458,0.9352364527548336,0.1198722572538799,-2.383673549854254,-2.4547830498744863,0.19363212782916522,0.6821937890469099,F1
Spain_7387658,Spain,U-Net,principal_test,51.59907958955494,58.38653422728643,262057,153006,17947,135219,119073,38905,87933,16146,0.6838402517745974,0.8122388701112222,0.7537315322386662,0.8805937035475784,0.8828331967861713,0.8816480394120878,0.11148577536393216,0.04889701961800654,F1
Ghana_866994,Ghana,U-Net,principal_test,39.98944779637651,90.1796427568483,117511,105971,69450,46992,11946,69436,1083,35046,0.102604184560415,0.1861124526773334,0.1467892162886142,0.2542134831460674,-2.022693157583204,-2.0629430009792915,0.06532300707955489,0.14296661387806886,Precision
India_747992,India,U-Net,principal_test,44.76452475704632,44.76452475704632,262087,117322,0,117322,19414,533,144232,97908,0.1647278435365491,0.2828606604550189,0.9732791898531108,0.1654762107703585,0.7803058099025847,0.7784053043820562,0.0826078506747086,0.027413594774613893,Precision
India_80221,India,U-Net,principal_test,48.92122825163216,75.43562614876839,151793,114506,40551,74259,55075,33312,44222,19184,0.5119874315568322,0.6772376818366268,0.6231119961080249,0.7416609434546654,-0.5835052989537767,-0.581114854441261,0.09962816462494932,0.018837351487352542,Precision
India_399883,India,U-Net,principal_test,39.65450806694669,51.99623071963497,262119,136292,33917,103942,40700,28106,130071,63242,0.3082212528777414,0.4712066131011647,0.5915181815539342,0.3915645263704758,-0.44226806669968255,-0.44006119554702117,0.06420158604912235,0.006709723480420185,Precision
Mekong_1443339,Mekong,U-Net,principal_test,65.12598470253876,73.54340320827055,262135,192783,22095,170718,153477,25858,65559,17241,0.7807514650822074,0.8768786440910377,0.8558117489614409,0.8990088918567463,-0.185422550071421,-0.1843135330982682,0.1835233101611251,0.003864048305423697,Precision
Nigeria_812045,Nigeria,U-Net,principal_test,43.75036898968516,50.65406057334671,237134,120118,16371,103747,97651,21489,111817,5627,0.7826668910849824,0.8780854067566474,0.8196323652845392,0.9455159859795892,0.2584799180695386,0.256985415348513,0.07873402383311666,0.0028549666150135314,Precision
Pakistan_849790,Pakistan,U-Net,principal_test,66.82812481777647,66.82812481777647,257239,171908,0,171908,20607,1427,83904,151301,0.1188853953327371,0.2125068319394458,0.9352364527548336,0.1198722572538799,0.0677608170522728,0.06734315011376352,0.19395610294883583,0.0005524233507981767,Precision
Spain_7387658,Spain,U-Net,principal_test,51.59907958955494,58.38653422728643,262057,153006,17947,135219,119073,38905,87933,16146,0.6838402517745974,0.8122388701112222,0.7537315322386662,0.8805937035475784,-0.18568707338726487,-0.1845765861888659,0.11156610238936451,0.002164913196449642,Precision
Ghana_866994,Ghana,U-Net,principal_test,39.98944779637651,90.1796427568483,117511,105971,69450,46992,11946,69436,1083,35046,0.102604184560415,0.1861124526773334,0.1467892162886142,0.2542134831460674,-1.0028788167479257,-1.0029158862397431,0.06533435156945308,0.03515217682112703,Recall
India_747992,India,U-Net,principal_test,44.76452475704632,44.76452475704632,262087,117322,0,117322,19414,533,144232,97908,0.1647278435365491,0.2828606604550189,0.9732791898531108,0.1654762107703585,-1.3979297760552198,-1.4065597772651397,0.08265139283105866,0.0880352265306771,Recall
India_80221,India,U-Net,principal_test,48.92122825163216,75.43562614876839,151793,114506,40551,74259,55075,33312,44222,19184,0.5119874315568322,0.6772376818366268,0.6231119961080249,0.7416609434546654,0.601092794080733,0.5986468407568868,0.09971589742240342,0.02000957518880825,Recall
India_399883,India,U-Net,principal_test,39.65450806694669,51.99623071963497,262119,136292,33917,103942,40700,28106,130071,63242,0.3082212528777414,0.4712066131011647,0.5915181815539342,0.3915645263704758,-0.5127336485244633,-0.5103280049443788,0.06421141718451584,0.009019618232003994,Recall
Mekong_1443339,Mekong,U-Net,principal_test,65.12598470253876,73.54340320827055,262135,192783,22095,170718,153477,25858,65559,17241,0.7807514650822074,0.8768786440910377,0.8558117489614409,0.8990088918567463,0.9765189849890251,0.976228595966277,0.18392695842535506,0.1074602246115047,Recall
Nigeria_812045,Nigeria,U-Net,principal_test,43.75036898968516,50.65406057334671,237134,120118,16371,103747,97651,21489,111817,5627,0.7826668910849824,0.8780854067566474,0.8196323652845392,0.9455159859795892,1.3942319348276997,1.4027451193565406,0.07876906724372794,0.08310501782339573,Recall
Pakistan_849790,Pakistan,U-Net,principal_test,66.82812481777647,66.82812481777647,257239,171908,0,171908,20607,1427,83904,151301,0.1188853953327371,0.2125068319394458,0.9352364527548336,0.1198722572538799,-2.0070631167245905,-2.0471971058746194,0.19440620385853707,0.4860557345940564,Recall
Spain_7387658,Spain,U-Net,principal_test,51.59907958955494,58.38653422728643,262057,153006,17947,135219,119073,38905,87933,16146,0.6838402517745974,0.8122388701112222,0.7537315322386662,0.8805937035475784,1.0688611580504008,1.0698386153200172,0.11169027135929852,0.07182299688441832,Recall
Ghana_866994,Ghana,SegFormer-B0,principal_test,39.98944779637651,90.1796427568483,117511,105971,69450,46992,7882,66860,3659,39110,0.0692302287179847,0.129495457308558,0.1054561023253324,0.1677306775621382,-1.1810158906545711,-1.1838692673940032,0.0653184162354974,0.0487364000690694,IoU
India_747992,India,SegFormer-B0,principal_test,44.76452475704632,44.76452475704632,262087,117322,0,117322,23349,330,144435,93973,0.1984581647570802,0.3311891405025496,0.9860636006588116,0.1990163822641959,-0.34589223003652836,-0.34405028495290335,0.08258363121807787,0.005384918160449816,IoU
India_80221,India,SegFormer-B0,principal_test,48.92122825163216,75.43562614876839,151793,114506,40551,74259,59830,44312,33222,14429,0.5045921852729588,0.6707361505821156,0.5745040425572776,0.8056935859626443,1.8579894348932666,1.8864090631559558,0.09957375093251143,0.19087682607106127,IoU
India_399883,India,SegFormer-B0,principal_test,39.65450806694669,51.99623071963497,262119,136292,33917,103942,18156,14977,143200,85786,0.1526753504486246,0.2649060733175269,0.5479733196511031,0.1746743376113601,-0.5531997024401041,-0.5508735783150019,0.06419776776241898,0.010497109572831644,IoU
Mekong_1443339,Mekong,SegFormer-B0,principal_test,65.12598470253876,73.54340320827055,262135,192783,22095,170718,130475,23338,68079,40243,0.6723574638248753,0.8040834311668222,0.8482703022501349,0.7642720744151174,2.845298236205116,2.9770176527819454,0.1832346962466356,0.908104913647128,IoU
Mekong_382276,Mekong,SegFormer-B0,principal_test,3.741926130532484,3.741926130532484,262111,9808,0,9808,7215,149,252154,2593,0.7246158481470323,0.8403214535290007,0.979766431287344,0.7356239804241436,4.470683612321211,5.0999489084394645,0.012788819023652153,0.12946079001359576,IoU
Nigeria_812045,Nigeria,SegFormer-B0,principal_test,43.75036898968516,50.65406057334671,237134,120118,16371,103747,513,803,132503,102765,0.0049288534891094,0.0098093580893741,0.3898176291793313,0.0049671759716493,-1.765529192839274,-1.7887716355000542,0.07871531978553495,0.13316350722103606,IoU
Pakistan_849790,Pakistan,SegFormer-B0,principal_test,66.82812481777647,66.82812481777647,257239,171908,0,171908,1830,64,85267,170078,0.0106412671830297,0.0210584458176545,0.966209081309398,0.0106452288433348,-2.4677475647108866,-2.54809505973988,0.19363212782916522,0.7311654650410202,IoU
Somalia_322855,Somalia,SegFormer-B0,principal_test,17.540894904408653,17.540894904408653,255044,44737,0,44737,26064,3783,206524,18673,0.5371805441055235,0.6989166577281991,0.8732535933259624,0.5826050025705791,2.78440517752019,2.9066618498623287,0.01642663182140968,0.0647405868498742,IoU
Spain_7387658,Spain,SegFormer-B0,principal_test,51.59907958955494,58.38653422728643,262057,153006,17947,135219,4799,3777,123061,130420,0.0345261734150623,0.0667478006884801,0.5595848880597015,0.0354905745494346,-1.775486186784155,-1.7992568212988345,0.11148577536393216,0.1977696630773235,IoU
Ghana_866994,Ghana,SegFormer-B0,principal_test,39.98944779637651,90.1796427568483,117511,105971,69450,46992,7882,66860,3659,39110,0.0692302287179847,0.129495457308558,0.1054561023253324,0.1677306775621382,-1.0783822005716535,-1.0794550022001637,0.0653184162354974,0.040633795104363435,F1
India_747992,India,SegFormer-B0,principal_test,44.76452475704632,44.76452475704632,262087,117322,0,117322,23349,330,144435,93973,0.1984581647570802,0.3311891405025496,0.9860636006588116,0.1990163822641959,-0.09033663439354163,-0.0897952032255814,0.08258363121807787,0.000367303703482323,F1
India_80221,India,SegFormer-B0,principal_test,48.92122825163216,75.43562614876839,151793,114506,40551,74259,59830,44312,33222,14429,0.5045921852729588,0.6707361505821156,0.5745040425572776,0.8056935859626443,1.6984404431456084,1.7183020849283297,0.09957375093251143,0.15950245427084947,F1
India_399883,India,SegFormer-B0,principal_test,39.65450806694669,51.99623071963497,262119,136292,33917,103942,18156,14977,143200,85786,0.1526753504486246,0.2649060733175269,0.5479733196511031,0.1746743376113601,-0.3305856702745092,-0.32880469692187814,0.06419776776241898,0.0037486414576207443,F1
Mekong_1443339,Mekong,SegFormer-B0,principal_test,65.12598470253876,73.54340320827055,262135,192783,22095,170718,130475,23338,68079,40243,0.6723574638248753,0.8040834311668222,0.8482703022501349,0.7642720744151174,2.1527721652532685,2.2021268982362066,0.1832346962466356,0.5198482367750054,F1
Mekong_382276,Mekong,SegFormer-B0,principal_test,3.741926130532484,3.741926130532484,262111,9808,0,9808,7215,149,252154,2593,0.7246158481470323,0.8403214535290007,0.979766431287344,0.7356239804241436,3.5625576968428883,3.847387207655608,0.012788819023652153,0.08220802104602755,F1
Nigeria_812045,Nigeria,SegFormer-B0,principal_test,43.75036898968516,50.65406057334671,237134,120118,16371,103747,513,803,132503,102765,0.0049288534891094,0.0098093580893741,0.3898176291793313,0.0049671759716493,-1.8342585916059326,-1.8612904329348723,0.07871531978553495,0.1437330174329118,F1
Pakistan_849790,Pakistan,SegFormer-B0,principal_test,66.82812481777647,66.82812481777647,257239,171908,0,171908,1830,64,85267,170078,0.0106412671830297,0.0210584458176545,0.966209081309398,0.0106452288433348,-2.4817438386220796,-2.563701885504492,0.19363212782916522,0.7394828578720577,F1
Somalia_322855,Somalia,SegFormer-B0,principal_test,17.540894904408653,17.540894904408653,255044,44737,0,44737,26064,3783,206524,18673,0.5371805441055235,0.6989166577281991,0.8732535933259624,0.5826050025705791,2.4981992963374617,2.58207797389813,0.01642663182140968,0.052115382534779514,F1
Spain_7387658,Spain,SegFormer-B0,principal_test,51.59907958955494,58.38653422728643,262057,153006,17947,135219,4799,3777,123061,130420,0.0345261734150623,0.0667478006884801,0.5595848880597015,0.0354905745494346,-1.7390534652530936,-1.7609249795812265,0.11148577536393216,0.18973652670321087,F1
Ghana_866994,Ghana,SegFormer-B0,principal_test,39.98944779637651,90.1796427568483,117511,105971,69450,46992,7882,66860,3659,39110,0.0692302287179847,0.129495457308558,0.1054561023253324,0.1677306775621382,-1.9858868863639558,-2.023464350154004,0.06532094944178733,0.13780627709015678,Precision
India_747992,India,SegFormer-B0,principal_test,44.76452475704632,44.76452475704632,262087,117322,0,117322,23349,330,144435,93973,0.1984581647570802,0.3311891405025496,0.9860636006588116,0.1990163822641959,0.9999979902087011,0.9999979650863864,0.08260264709643775,0.0450199222873122,Precision
India_80221,India,SegFormer-B0,principal_test,48.92122825163216,75.43562614876839,151793,114506,40551,74259,59830,44312,33222,14429,0.5045921852729588,0.6707361505821156,0.5745040425572776,0.8056935859626443,-0.6537848945359086,-0.651457787606943,0.09961961736170341,0.02364605055760901,Precision
India_399883,India,SegFormer-B0,principal_test,39.65450806694669,51.99623071963497,262119,136292,33917,103942,18156,14977,143200,85786,0.1526753504486246,0.2649060733175269,0.5479733196511031,0.1746743376113601,-0.386610480939009,-0.38457156988732405,0.06419972118083134,0.005127046106811381,Precision
Mekong_1443339,Mekong,SegFormer-B0,principal_test,65.12598470253876,73.54340320827055,262135,192783,22095,170718,130475,23338,68079,40243,0.6723574638248753,0.8040834311668222,0.8482703022501349,0.7642720744151174,-0.2912271131610804,-0.2895754755702942,0.18349634963247857,0.009530219713527634,Precision
Nigeria_812045,Nigeria,SegFormer-B0,principal_test,43.75036898968516,50.65406057334671,237134,120118,16371,103747,513,803,132503,102765,0.0049288534891094,0.0098093580893741,0.3898176291793313,0.0049671759716493,-1.1165329833960482,-1.1182581503222948,0.07872955057467529,0.05326767602882604,Precision
Pakistan_849790,Pakistan,SegFormer-B0,principal_test,66.82812481777647,66.82812481777647,257239,171908,0,171908,1830,64,85267,170078,0.0106412671830297,0.0210584458176545,0.966209081309398,0.0106452288433348,0.09296117427915147,0.09239048639757438,0.19392671149245752,0.0010395282822740673,Precision
Spain_7387658,Spain,SegFormer-B0,principal_test,51.59907958955494,58.38653422728643,262057,153006,17947,135219,4799,3777,123061,130420,0.0345261734150623,0.0667478006884801,0.5595848880597015,0.0354905745494346,-0.8167435120613181,-0.8150493079230917,0.11155510273087352,0.041879388719869716,Precision
Ghana_866994,Ghana,SegFormer-B0,principal_test,39.98944779637651,90.1796427568483,117511,105971,69450,46992,7882,66860,3659,39110,0.0692302287179847,0.129495457308558,0.1054561023253324,0.1677306775621382,-0.6360364566311653,-0.6336224950471101,0.06533435156945308,0.014139020591346422,Recall
India_747992,India,SegFormer-B0,principal_test,44.76452475704632,44.76452475704632,262087,117322,0,117322,23349,330,144435,93973,0.1984581647570802,0.3311891405025496,0.9860636006588116,0.1990163822641959,-0.5624882739146062,-0.5600394809861571,0.08265139283105866,0.01425321123589462,Recall
India_80221,India,SegFormer-B0,principal_test,48.92122825163216,75.43562614876839,151793,114506,40551,74259,59830,44312,33222,14429,0.5045921852729588,0.6707361505821156,0.5745040425572776,0.8056935859626443,2.3883577825122435,2.4638104856794487,0.09971589742240342,0.31590288840420355,Recall
India_399883,India,SegFormer-B0,principal_test,39.65450806694669,51.99623071963497,262119,136292,33917,103942,18156,14977,143200,85786,0.1526753504486246,0.2649060733175269,0.5479733196511031,0.1746743376113601,-0.5965312089914208,-0.5940831823173113,0.06421141718451584,0.012208740332337067,Recall
Mekong_1443339,Mekong,SegFormer-B0,principal_test,65.12598470253876,73.54340320827055,262135,192783,22095,170718,130475,23338,68079,40243,0.6723574638248753,0.8040834311668222,0.8482703022501349,0.7642720744151174,2.0225097457730317,2.0638095017080773,0.18392695842535506,0.46096463513406577,Recall
Nigeria_812045,Nigeria,SegFormer-B0,principal_test,43.75036898968516,50.65406057334671,237134,120118,16371,103747,513,803,132503,102765,0.0049288534891094,0.0098093580893741,0.3898176291793313,0.0049671759716493,-1.5009662967767152,-1.513168369315084,0.07876906724372794,0.09631614149330993,Recall
Pakistan_849790,Pakistan,SegFormer-B0,principal_test,66.82812481777647,66.82812481777647,257239,171908,0,171908,1830,64,85267,170078,0.0106412671830297,0.0210584458176545,0.966209081309398,0.0106452288433348,-1.9612481978659613,-1.9980448723107584,0.19440620385853707,0.46411876323495493,Recall
Paraguay_59731,Paraguay,SegFormer-B0,principal_test,0.37198422880746,1.0834871859060613,255656,2770,2784,951,665,2448,252257,286,0.19564577817005,0.327263779527559,0.2136203019595245,0.6992639327024185,2.5121951187232208,2.6023559140145403,0.01592852826972365,0.05107704315474391,Recall
Spain_7387658,Spain,SegFormer-B0,principal_test,51.59907958955494,58.38653422728643,262057,153006,17947,135219,4799,3777,123061,130420,0.0345261734150623,0.0667478006884801,0.5595848880597015,0.0354905745494346,-1.5005024996206728,-1.5126870829003154,0.11169027135929852,0.14154494970050988,Recall
Sri-Lanka_922192,Sri-Lanka,SegFormer-B0,principal_test,0.3953574690449281,0.429555056029827,239783,1030,464,948,713,3228,235607,235,0.1707375478927203,0.2916751892002454,0.1809185485917279,0.7521097046413502,2.7635881448071995,2.889251511662159,0.01590807194802423,0.06173031928821237,Recall
