scene_id,flood_event,flood_extent,IoU_SegFormer_B0,IoU_U_Net,F1_SegFormer_B0,F1_U_Net,Precision_SegFormer_B0,Precision_U_Net,Recall_SegFormer_B0,Recall_U_Net,extent_category,IoU_difference,mean_IoU
Ghana_1078550,Ghana,0.5367279052734375,0.0,0.0414908579465541,0.0,0.0796758946657663,,0.7972972972972973,0.0,0.0419331911869225,Low (<5%),0.0414908579465541,0.02074542897327705
Ghana_141271,Ghana,0.62408447265625,0.0,0.0,0.0,0.0,0.0,,0.0,0.0,Low (<5%),0.0,0.0
Ghana_167233,Ghana,0.0,,,,,,,,,Low (<5%),,
Ghana_313799,Ghana,6.108465868185091,0.0430589968526083,0.0186797000535618,0.08256291730868,0.0366743345382845,1.0,0.9893617021276596,0.0430589968526083,0.0186834527556418,Intermediate (5–25%),0.024379296799046497,0.03086934845308505
Ghana_319168,Ghana,23.027665128420267,0.175755625417729,0.3193429750012425,0.2989662505000315,0.4840939483547737,0.8901705115346038,0.946875921013852,0.1796513246122314,0.325168897548139,Intermediate (5–25%),0.1435873495835135,0.24754930020948573
Ghana_359826,Ghana,1.3336181640625,0.2635267731987665,0.3967547762365873,0.4171289105835367,0.5681094247704703,0.9297725024727992,0.8234655078761542,0.2688787185354691,0.4336384439359267,Low (<5%),0.13322800303782079,0.3301407747176769
Ghana_406026,Ghana,1.6387939453125,0.3454665784248842,0.7929127406800491,0.5135268076733891,0.8844967439734948,0.8685524126455907,0.8685214269688131,0.3645251396648045,0.9010707635009312,Low (<5%),0.4474461622551649,0.5691896595524667
Ghana_53713,Ghana,0.0,,,,,,,,,Low (<5%),,
Ghana_866994,Ghana,39.98944779637651,0.0692302287179847,0.102604184560415,0.129495457308558,0.1861124526773334,0.1054561023253324,0.1467892162886142,0.1677306775621382,0.2542134831460674,High (>=25%),0.03337395584243029,0.08591720663919986
Ghana_97059,Ghana,0.0,0.0,0.0,0.0,0.0,0.0,0.0,,,Low (<5%),0.0,0.0
India_1018327,India,12.959769895705382,0.2217844075429214,0.22014064697609,0.3630499884819166,0.3608447067502766,0.8350111264172936,0.8322875677975115,0.2319489005975333,0.2303594030553675,Intermediate (5–25%),0.0016437605668313815,0.22096252725950571
India_399883,India,39.65450806694669,0.1526753504486246,0.3082212528777414,0.2649060733175269,0.4712066131011647,0.5479733196511031,0.5915181815539342,0.1746743376113601,0.3915645263704758,High (>=25%),0.15554590242911678,0.23044830166318298
India_44475,India,0.0,0.0,0.0,0.0,0.0,0.0,0.0,,,Low (<5%),0.0,0.0
India_570384,India,4.898760330578512,0.1495032545392257,0.1436670147695062,0.2601180187160994,0.2512392381946256,0.4433157253149126,0.5539257981018119,0.1840573597638127,0.162463095740194,Low (<5%),0.005836239769719503,0.14658513465436596
India_591317,India,15.221358347321065,0.1702387635811234,0.2168623820429112,0.2909470594875268,0.3564287716394602,0.2245991634715929,0.3563479142758013,0.4129285485421339,0.3565096657054363,Intermediate (5–25%),0.04662361846178781,0.1935505728120173
India_592446,India,2.22370796282677,0.0712301086132861,0.24502750740584,0.132987502947418,0.3936097892590074,0.1614657887202977,0.452697419859265,0.1130487071557426,0.3481659651232712,Low (<5%),0.1737973987925539,0.15812880800956305
India_631692,India,0.305938720703125,0.0,0.0435865504358655,0.0,0.0835322195704057,0.0,0.9722222222222222,0.0,0.0436408977556109,Low (<5%),0.0435865504358655,0.02179327521793275
India_747992,India,44.76452475704632,0.1984581647570802,0.1647278435365491,0.3311891405025496,0.2828606604550189,0.9860636006588116,0.9732791898531108,0.1990163822641959,0.1654762107703585,High (>=25%),0.0337303212205311,0.18159300414681465
India_772630,India,0.8658872608348569,0.006631299734748,0.0068259385665529,0.0131752305665349,0.0135593220338983,0.0118273211117681,0.0769230769230769,0.0148698884758364,0.0074349442379182,Low (<5%),0.00019463883180490058,0.00672861915065045
India_79637,India,1.9702911376953125,0.0674318507890961,0.0688289647369413,0.1263440860215053,0.1287932251235003,0.4777636594663278,0.7256461232604374,0.0727976766698935,0.0706679574056147,Low (<5%),0.0013971139478452105,0.06813040776301871
India_80221,India,48.92122825163216,0.5045921852729588,0.5119874315568322,0.6707361505821156,0.6772376818366268,0.5745040425572776,0.6231119961080249,0.8056935859626443,0.7416609434546654,High (>=25%),0.007395246283873447,0.5082898084148955
India_828067,India,3.5665137614678897,0.0858214553638409,0.4539762887971227,0.1580765510570678,0.6244617498854786,0.8101983002832861,0.7773722627737226,0.0875822998009493,0.5218190169958659,Low (<5%),0.3681548334332818,0.2698988720804818
India_900498,India,27.31228434456014,0.324732992318843,0.3329681240798439,0.4902618024941357,0.4995890270214733,0.4456933121419669,0.4621489331369101,0.5447341941975515,0.5436301637878026,High (>=25%),0.00823513176100088,0.32885055819934345
India_952728,India,3.0537951207104856,0.070735524256651,0.1305391137418013,0.132125109617071,0.2309325031838121,0.4189063948100092,0.6257668711656442,0.0784313725490196,0.1415929203539823,Low (<5%),0.0598035894851503,0.10063731899922615
Mekong_1443339,Mekong,65.12598470253876,0.6723574638248753,0.7807514650822074,0.8040834311668222,0.8768786440910377,0.8482703022501349,0.8558117489614409,0.7642720744151174,0.8990088918567463,High (>=25%),0.10839400125733212,0.7265544644535413
Mekong_254910,Mekong,0.0656950290761332,0.0029368575624082,0.0004880429477794,0.0058565153733528,0.0009756097560975,0.0030280090840272,0.0004987531172069,0.0888888888888888,0.0222222222222222,Low (<5%),0.0024488146146288002,0.0017124502550938
Mekong_333434,Mekong,1.616674789423678,0.0343178621659634,0.0906555090655509,0.0663584443840087,0.1662404092071611,0.3104325699745547,0.5191693290734825,0.0371498172959805,0.0989646772228989,Low (<5%),0.05633764689958749,0.06248668561575715
Mekong_382276,Mekong,3.741926130532484,0.7246158481470323,0.5033019811887133,0.8403214535290007,0.6695953141640043,0.979766431287344,0.964340490797546,0.7356239804241436,0.5128466557911908,Low (<5%),0.221313866958319,0.6139589146678728
Mekong_424793,Mekong,1.5486272036891604,0.2580496780128795,0.3952621188857205,0.4102376599634369,0.5665775821411728,0.7648261758691206,0.7642069550466497,0.2802897826630027,0.4501623782163377,Low (<5%),0.137212440872841,0.3266558984493
Mekong_45934,Mekong,0.1130379326278646,0.0538720538720538,0.0709459459459459,0.1022364217252396,0.1324921135646687,0.9411764705882352,1.0,0.054054054054054,0.0709459459459459,Low (<5%),0.0170738920738921,0.062408999908999854
Nigeria_22088,Nigeria,0.2825112510442586,0.0,0.3013333333333333,0.0,0.4631147540983606,0.0,0.3553459119496855,0.0,0.6647058823529411,Low (<5%),0.3013333333333333,0.15066666666666664
Nigeria_225131,Nigeria,0.4687985741228161,0.0163934426229508,0.0194518125552608,0.032258064516129,0.0381613183000867,0.1228070175438596,1.0,0.0185676392572944,0.0194518125552608,Low (<5%),0.003058369932310002,0.017922627589105802
Nigeria_417184,Nigeria,2.343022566828624,0.0,0.2455680902497985,0.0,0.3943069707261847,0.0,0.2540112523442384,0.0,0.8807803468208093,Low (<5%),0.2455680902497985,0.12278404512489925
Nigeria_812045,Nigeria,43.75036898968516,0.0049288534891094,0.7826668910849824,0.0098093580893741,0.8780854067566474,0.3898176291793313,0.8196323652845392,0.0049671759716493,0.9455159859795892,High (>=25%),0.777738037595873,0.39379787228704594
Pakistan_167553,Pakistan,0.5900325772444912,0.0039810898233391,0.0459020940230203,0.0079306071871127,0.0877751259612834,0.0048396854204476,0.054404996712689,0.0219478737997256,0.2270233196159122,Low (<5%),0.0419210041996812,0.0249415919231797
Pakistan_528249,Pakistan,0.0,0.0,0.0,0.0,0.0,0.0,0.0,,,Low (<5%),0.0,0.0
Pakistan_664885,Pakistan,0.0136967538693329,0.0,0.0006702412868632,0.0,0.001339584728734,0.0,0.0006712911165808,0.0,0.3,Low (<5%),0.0006702412868632,0.0003351206434316
Pakistan_694942,Pakistan,9.653475690019013,0.1216306279620853,0.4198617221873036,0.2168817878717855,0.5914121292607348,0.2781070098205215,0.5700230900511997,0.1777501217466587,0.6144689140198041,Intermediate (5–25%),0.2982310942252183,0.27074617507469445
Pakistan_70625,Pakistan,1.351165771484375,0.0020976925382079,0.037725631768953,0.0041866028708133,0.0727082970951469,0.0032357473035439,0.0405143447919359,0.0059288537549407,0.3540372670807453,Low (<5%),0.0356279392307451,0.01991166215358045
Pakistan_849790,Pakistan,66.82812481777647,0.0106412671830297,0.1188853953327371,0.0210584458176545,0.2125068319394458,0.966209081309398,0.9352364527548336,0.0106452288433348,0.1198722572538799,High (>=25%),0.10824412814970741,0.0647633312578834
Paraguay_1029191,Paraguay,5.001240465154743,0.1769235290660083,0.3221658401568446,0.3006542476152424,0.4873304548824632,0.22014188546771,0.3369925809759334,0.474015748031496,0.8798425196850393,Intermediate (5–25%),0.14524231109083627,0.24954468461142643
Paraguay_232281,Paraguay,11.244583129882812,0.2193443216808549,0.4516858205171539,0.3597742127153892,0.622291427157763,0.6612668365489625,0.5438658967771475,0.2471092368385253,0.7271459665351653,Intermediate (5–25%),0.23234149883629898,0.3355150710990044
Paraguay_271769,Paraguay,0.97198486328125,0.0011794293643222,0.5511363636363636,0.0023560798988271,0.7106227106227107,0.0012324422292705,0.6395604395604395,0.0266875981161695,0.7994505494505495,Low (<5%),0.5499569342720414,0.27615789650034295
Paraguay_280900,Paraguay,2.4158662099167625,0.0212663122281295,0.5894938965848306,0.0416469474680549,0.7417378548623695,0.0830580462482303,0.8177321156773212,0.0277909363650718,0.6786672982788567,Low (<5%),0.5682275843567012,0.30538010440648006
Paraguay_40936,Paraguay,0.0,0.0,0.0,0.0,0.0,0.0,0.0,,,Low (<5%),0.0,0.0
Paraguay_511199,Paraguay,4.4036865234375,0.2117062036357707,0.2177182085648905,0.3494348762109796,0.3575838926174496,0.7822289156626506,0.7938021454112039,0.2249653499653499,0.2307692307692307,Low (<5%),0.006012004929119796,0.2147122061003306
Paraguay_59731,Paraguay,0.37198422880746,0.19564577817005,0.220263223243109,0.327263779527559,0.361009361009361,0.2136203019595245,0.223820338127681,0.6992639327024185,0.9327024185068348,Low (<5%),0.02461744507305902,0.2079545007065795
Paraguay_651904,Paraguay,3.774261474609375,0.1836668293476492,0.1696097740094135,0.3103353490929081,0.2900279696329699,0.4847574066122799,0.2020760419980909,0.2282191227006266,0.5135435617545987,Low (<5%),0.014057055338235702,0.17663830167853134
Paraguay_683296,Paraguay,1.665395372489194,0.2734737120911137,0.3315766984760006,0.4294925124792013,0.4980211787356937,0.3901379180049121,0.4631914046955829,0.477677538746241,0.5385149201943095,Low (<5%),0.05810298638488687,0.30252520528355714
Paraguay_790830,Paraguay,2.404679956661396,0.0979254963194289,0.1848390089687639,0.1783827712312068,0.3120069605568445,0.1197555785913034,0.1907514450867052,0.3494666454386244,0.8563922942206655,Low (<5%),0.086913512649335,0.1413822526440964
Paraguay_80102,Paraguay,0.0083923659987106,0.0,0.0,0.0,0.0,0.0,,0.0,0.0,Low (<5%),0.0,0.0
Paraguay_868895,Paraguay,7.857407460177243,0.26511758118701,0.2636273018204711,0.4191192741757026,0.4172548368346757,0.5375794732061762,0.4879114477133702,0.3434394719663451,0.364473779647494,Intermediate (5–25%),0.0014902793665388936,0.26437244150374056
Paraguay_913449,Paraguay,2.099609375,0.0343035343035343,0.4454740800429761,0.0663316582914572,0.616370900306606,0.086062011011301,0.6307282753375166,0.0539607558139534,0.6026526162790697,Low (<5%),0.41117054573944184,0.2398888071732552
Somalia_166342,Somalia,0.0054402770914465,0.0,0.0,0.0,0.0,0.0,0.0,0.0,0.0,Low (<5%),0.0,0.0
Somalia_322855,Somalia,17.540894904408653,0.5371805441055235,0.3523026108177476,0.6989166577281991,0.5210410865134802,0.8732535933259624,0.8569235492784771,0.5826050025705791,0.374321031808123,Intermediate (5–25%),0.1848779332877759,0.44474157746163556
Somalia_60129,Somalia,0.3045214919304053,0.0028829375616417,0.0,0.0057493002496406,0.0,0.0030298198054536,0.0,0.0561299852289512,0.0,Low (<5%),0.0028829375616417,0.00144146878082085
Somalia_685158,Somalia,13.712182090654387,0.0748349514563106,0.2123321541329073,0.1392491960833905,0.3502870948511186,0.7952950887329756,0.8435847060601481,0.0763047438029619,0.2210342915973707,Intermediate (5–25%),0.1374972026765967,0.14358355279460894
Somalia_699062,Somalia,1.6190227795028762,0.0865843949044586,0.0169541939321832,0.1593698479575013,0.0333430827727405,0.2005532503457814,0.4418604651162791,0.1322188449848024,0.0173252279635258,Low (<5%),0.0696302009722754,0.0517692944183209
Somalia_94102,Somalia,5.259363606231355,0.2835392913224551,0.3714685967779593,0.4418085106382978,0.5417092271024855,0.6801506714706845,0.968547077922078,0.3271624389475343,0.3760044115330077,Intermediate (5–25%),0.0879293054555042,0.3275039440502072
Spain_5650136,Spain,9.366768456141168,0.0800993592051263,0.1205824169948851,0.148318501483185,0.2152138301763761,0.1597272074659009,0.1233759721373802,0.1384309089777888,0.8419087911404218,Intermediate (5–25%),0.0404830577897588,0.1003408881000057
Spain_6095801,Spain,8.675809541253598,0.262807064134909,0.3856272977941176,0.4162267880801665,0.5566104224534638,0.398791053798106,0.526385948404297,0.4352568613652357,0.5905172413793104,Intermediate (5–25%),0.12282023365920858,0.3242171809645133
Spain_6860600,Spain,0.0939042405780836,0.0011954572624028,0.2869955156950672,0.0023880597014925,0.445993031358885,0.0013995801259622,0.3902439024390244,0.008130081300813,0.5203252032520326,Low (<5%),0.28580005843266443,0.144095486478735
Spain_7370579,Spain,26.726325631093893,0.1538095704354394,0.6507587625973297,0.2666117085116443,0.7884359330292643,0.8830709926116287,0.7821981141355517,0.1570072106803741,0.7947740415506532,High (>=25%),0.49694919216189026,0.40228416651638454
Spain_7387658,Spain,51.59907958955494,0.0345261734150623,0.6838402517745974,0.0667478006884801,0.8122388701112222,0.5595848880597015,0.7537315322386662,0.0354905745494346,0.8805937035475784,High (>=25%),0.6493140783595351,0.3591832125948298
Spain_7558720,Spain,0.8156986686209846,0.0252357182473655,0.1476904063031052,0.0492291046794698,0.2573697671288195,0.0346205059920106,0.1806500377928949,0.0851661207299953,0.4473561066916238,Low (<5%),0.1224546880557397,0.08646306227523536
Sri-Lanka_1049830,Sri-Lanka,1.2973563997834234,0.2565637954859511,0.1004464285714285,0.4083577712609971,0.1825557809330628,0.2923372988103569,0.3204476093591047,0.6770664505672609,0.1276337115072933,Low (<5%),0.1561173669145226,0.1785051120286898
Sri-Lanka_117737,Sri-Lanka,2.414703369140625,0.0608383825893409,0.028787031861375,0.1146986828301666,0.0559630535180657,0.0908755079423716,0.1996124031007752,0.1554502369668246,0.0325434439178515,Low (<5%),0.0320513507279659,0.04481270722535795
Sri-Lanka_377277,Sri-Lanka,1.7256002590713526,0.1174363807728558,0.0788961613302671,0.2101889338731444,0.146253484177734,0.1688346883468834,0.2747997535428219,0.2783735478105451,0.0996425379803395,Low (<5%),0.0385402194425887,0.09816627105156145
Sri-Lanka_534068,Sri-Lanka,0.447845458984375,0.0,0.001560971633518,0.0,0.0031170775973272,,0.0015660202233316,0.0,0.3262350936967632,Low (<5%),0.001560971633518,0.000780485816759
Sri-Lanka_649970,Sri-Lanka,6.239098349657856,0.1117981130347165,0.0367820150659133,0.2011122554067971,0.0709541919736618,0.305125,0.4657228017883755,0.149984639016897,0.0384024577572964,Intermediate (5–25%),0.07501609796880321,0.0742900640503149
Sri-Lanka_713926,Sri-Lanka,0.9900650123615056,0.0050092975598649,0.2866123399301513,0.0099686591398255,0.4455302207745204,0.0055257870060281,0.4199931763903105,0.0508670520231213,0.474373795761079,Low (<5%),0.2816030423702864,0.1458108187450081
Sri-Lanka_849649,Sri-Lanka,0.4472817095693538,0.1593186372745491,0.0680473372781065,0.2748487467588591,0.1274238227146814,0.2376681614349775,0.6448598130841121,0.3258196721311475,0.0706967213114754,Low (<5%),0.0912712999964426,0.1136829872763278
Sri-Lanka_922192,Sri-Lanka,0.3953574690449281,0.1707375478927203,0.0309205903021784,0.2916751892002454,0.0599863667348329,0.1809185485917279,0.0847784200385356,0.7521097046413502,0.0464135021097046,Low (<5%),0.1398169575905419,0.10082906909744935
USA_1049586,USA,0.4830936308722015,0.0956316410861865,0.2436128103634401,0.1745689655172413,0.3917824074074074,0.1600790513833992,0.3091324200913242,0.1919431279620853,0.5347551342812006,Low (<5%),0.14798116927725358,0.1696222257248133
USA_350244,USA,0.4646726690065618,0.0275862068965517,0.278149726110773,0.0536912751677852,0.4352380952380952,0.0842105263157894,0.518140589569161,0.0394088669950738,0.3752052545155993,Low (<5%),0.25056351921422126,0.15286796650366236
USA_430764,USA,5.889668379511477,0.2517637294231567,0.4594608038201353,0.4022543927505801,0.6296308919259739,0.4663477963785445,0.664436771687527,0.3536498477880692,0.5982900446920137,Intermediate (5–25%),0.2076970743969786,0.355612266621646
USA_504150,USA,0.7938930132836881,0.0421519689406544,0.2787649933362949,0.0808940926024481,0.4359909675178044,0.0906380441264162,0.3414036996735582,0.0730418068236424,0.6030754444978376,Low (<5%),0.2366130243956405,0.16045848113847466
USA_519181,USA,0.6481590984522769,0.0679245283018867,0.2910879629629629,0.127208480565371,0.4509188704616764,0.1113566062748563,0.3640969960188201,0.1483225426721601,0.5921130076515597,Low (<5%),0.22316343466107622,0.1795062456324248
USA_527077,USA,0.526462363663415,0.0044757900447579,0.3694362017804154,0.0089116932217121,0.5395449620801733,0.0054762694988383,0.5377969762419006,0.0239130434782608,0.5413043478260869,Low (<5%),0.3649604117356575,0.18695599591258666
USA_595451,USA,7.788323618274484,0.3161140900737608,0.3344695693533364,0.4803749043611323,0.5012771771414993,0.3940810946522721,0.359697357203751,0.6150568181818182,0.8266555642633229,Intermediate (5–25%),0.018355479279575593,0.3252918297135486
USA_66511,USA,1.0303811761833552,0.0,0.2383316782522343,0.0,0.3849238171611868,0.0,0.6923076923076923,0.0,0.2665679378008145,Low (<5%),0.2383316782522343,0.11916583912611715
USA_670826,USA,1.1292020813941068,0.014854260089686,0.0972653822249844,0.0292736813035073,0.1772868875672614,0.0801815431164901,0.5481611208406305,0.0179054054054054,0.1057432432432432,Low (<5%),0.0824111221352984,0.0560598211573352
USA_67102,USA,0.9122785597368852,0.036231884057971,0.1715924128804587,0.0699300699300699,0.2929216867469879,0.0520195838433292,0.1786206263201395,0.1066499372647427,0.8134671685487244,Low (<5%),0.1353605288224877,0.10391214846921486
USA_758178,USA,0.5687952299023779,0.149908592321755,0.2835506941522928,0.2607313195548489,0.4418223533267781,0.2478839177750907,0.432051282051282,0.2749832327297116,0.4520456069751844,Low (<5%),0.1336421018305378,0.21672964323702387
USA_778194,USA,0.9802724462929752,0.0927277642606109,0.4030567685589519,0.1697179614052449,0.574540927482104,0.2328581126951799,0.4786103189007,0.1335149863760218,0.7185675360062281,Low (<5%),0.310329004298341,0.2478922664097814
USA_905409,USA,1.882113247284423,0.0232854864433811,0.0762700652672429,0.0455112219451371,0.1417303476675339,0.0369667046461577,0.0788322166005743,0.0591931887289681,0.7011960267585647,Low (<5%),0.0529845788238618,0.049777775855312005
USA_933610,USA,0.9048685822453412,0.1660329531051964,0.4078331204767986,0.2847826086956522,0.5793770789234957,0.2938537460744728,0.451567287296724,0.2762547448334036,0.8080978490088571,Low (<5%),0.2418001673716022,0.28693303679099746
