scene_id,flood_event,model,flood_extent,original_water_extent,valid_pixels,water_pixels,permanent_water_pixels,event_water_pixels,TP,FP,TN,FN,IoU,F1,Precision,Recall
Bolivia_129334,Bolivia,U-Net,64.18839933729721,65.86786311991725,237814,156643,4152,152649,18512,3073,81919,133561,0.11931986644837765,0.21320065876608046,0.8576326152420662,0.12173101076456702
Bolivia_195474,Bolivia,U-Net,0.5934911129393307,0.5934911129393307,261335,1551,0,1551,0,0,259784,1551,0.0,0.0,,0.0
Bolivia_23014,Bolivia,U-Net,0.2067032972278844,3.713976102616491,209479,7780,7748,433,196,2376,180186,237,0.06977572089711641,0.13044925124792014,0.07620528771384137,0.45265588914549654
Bolivia_233925,Bolivia,U-Net,0.0006642885137873081,0.0006642885137873081,150537,1,0,1,0,1109,145184,1,0.0,0.0,0.0,0.0
Bolivia_242570,Bolivia,U-Net,15.581144911598969,15.581144911598969,175507,27346,0,27346,590,284,147877,26756,0.021353601158161418,0.041814316087880936,0.6750572082379863,0.021575367512616104
Bolivia_290290,Bolivia,U-Net,8.901301354131542,9.626502079332267,204633,19699,1516,18215,1916,460,185958,16299,0.10259705488621151,0.18610072361711427,0.8063973063973064,0.10518803184188856
Bolivia_294583,Bolivia,U-Net,3.1309399717947146,11.502851186461463,130472,15008,12504,4085,1716,2132,124255,2369,0.27601737172269586,0.43262321946300264,0.44594594594594594,0.4200734394124847
Bolivia_312675,Bolivia,U-Net,6.0598197559617235,6.0598197559617235,158008,9575,0,9575,65,72,148361,9510,0.006737845962475381,0.013385502471169687,0.4744525547445255,0.006788511749347258
Bolivia_314919,Bolivia,U-Net,44.02075776430406,44.31041330191427,188845,83678,573,83131,4471,1736,103978,78660,0.052682432512048266,0.10009178624997202,0.7203157725149025,0.05378258411422935
Bolivia_360519,Bolivia,U-Net,1.102360965166023,1.102360965166023,254091,2801,0,2801,62,1203,242061,352,0.0383426097711812,0.07385348421679572,0.04901185770750988,0.1497584541062802
Bolivia_379434,Bolivia,U-Net,4.116058349609375,4.116058349609375,262144,10790,0,10790,1733,1307,250047,9057,0.14325865917169547,0.25061460592913953,0.5700657894736842,0.16061167747914737
Bolivia_432776,Bolivia,U-Net,44.60605906086469,45.98474080400793,156889,72145,2163,69982,2134,2349,83066,67848,0.02950325586539658,0.057315517357147655,0.4760205219718938,0.030493555485696322
Bolivia_60373,Bolivia,U-Net,4.515649259618428,6.270758068325135,199019,12480,10180,8987,933,138,189894,8054,0.10224657534246576,0.18552396102604893,0.8711484593837535,0.10381662401246244
Bolivia_76104,Bolivia,U-Net,0.0026182808368025554,0.0026182808368025554,190965,5,0,5,0,0,190960,5,0.0,0.0,,0.0
